<?xml version="1.0" encoding="UTF-8"?>
<project-private xmlns="http://www.netbeans.org/ns/project-private/1">
    <editor-bookmarks xmlns="http://www.netbeans.org/ns/editor-bookmarks/2" lastBookmarkId="0"/>
    <open-files xmlns="http://www.netbeans.org/ns/projectui-open-files/2">
        <group name="EnClase">
            <file>file:/C:/Users/AngelAriel/Documents/NetBeansProjects/Herencia/src/herencia/Estudiante.java</file>
            <file>file:/C:/Users/AngelAriel/Documents/NetBeansProjects/Herencia/src/herencia/Persona.java</file>
            <file>file:/C:/Users/AngelAriel/Documents/NetBeansProjects/Herencia/src/herencia/Profesor.java</file>
        </group>
        <group name="EjerciciosResueltosEnClase"/>
    </open-files>
</project-private>
